Workbook

Sheet Database_Index2
A1: Parameter | B1: Data Point1 | C1: Data Point2 | D1: Data Point3 | E1: Data Point4 | F1: Data Point5 | G1: Data Point6 | H1: Data Point7 | I1: Data Point8 | J1: Data Point9 | K1: Data Point10
A2: CABLEPULL | B2: Material | C2: Phase | D2: Test | E2: Section Width | F2: Ampacity | G2: Structure Depth | H2: Assembly Drawing
A3: CABLEPULL-2 | B3: Material | C3: Phase | D3: Test | E3: Section Width | F3: Ampacity | G3: Structure Depth | H3: Assembly Drawing
A4: AUXMACON | B4: Minimum Structure Depth | C4: Cross Bus Position | D4: Phase | E4: Test | F4: Material | G4: Device
A5: SAUXMACO | B5: Structure Depth | C5: Structure Width | D5: Cross Bus Position | E5: Test | F5: Aux X-Bus Hole CTRS | G5: Material | H5: Device
A6: WCCONNMD | B6: Assembly Number | C6: Test | D6: Material | E6: Device
A7: MDCONLN | B7: Minimum Structure Depth | C7: Minimum Structure Depth | D7: Bus Position | E7: DWG No. | F7: Test | G7: Material | H7: Device
A8: MDCONLOA | B8: Minimum Structure Depth | C8: Bus Position | D8: DWG No. | E8: Test | F8: Structure Depth | G8: Material | H8: Device | I8: Support Edge to Edge
A9: SMDCONLN | B9: DWG No. | C9: Structure Depth | D9: Cross Bus Position | E9: Heat Test | F9: Amp per Sq CU and Alum
A10: STMNCHCO | B10: DWG No. | C10: Heat Test | D10: Amp per Sq CU and Alum | F10: 36/45W
A11: PHASECONN | B11: Width | C11: Assembly Drawing | D11: Density | E11: Material | F11: Amperage | G11: Device
A12: AUXILCB | B12: Amperage | C12: Width (Wide) | D12: Test | E12: Assembly Number | F12: 3/1/ Neutral Phase Cross Bus
A13: AUXMACB | B13: DWG Number | C13: Structure Width | D13: Test | E13: Material | F13: Amperage | G13: Bus Hole Center | H13: Phase
A14: MAINCB | B14: DWG No. | C14: Bus Hole Center | D14: Amperage | E14: Test | F14: Structure Width | G14: Material | H14: Mounting/Non-Mounting Assemblies
A15: DISTCB | B15: Amperage | C15: Structure Width | D15: Test | E15: Material | F15: Assembly No.
A16: BUSCENTE | B16: Bus Rating | C16: Device Centers | D16: X-Bus Centers | E16: Structure Width | F16: Device
A17: SWBDBUS | B17: -
A18: GENRISERS | B18: Amperage | C18: Material | D18: Test | E18: Phase | F18: Bus Centers
A19: GENXBUS | B19: Bus Centers | C19: Amperage | D19: Test | E19: Material
A20: GENDCLMTA | B20: Bus Centers | C20: Test | D20: Material | E20: Phase | F20: Device Type | G20: Amperage
A21: GENDCLMBS | B21: Device Type | C21: Bus Center | D21: Family Numbers/ Assembly no. | E21: Test | F21: Material | G21: Phase
A22: GENDCUMTA | B22: Device Type | C22: Bus Centers | D22: Family Numbers/ Assembly no. | E22: Test | F22: Material | G22: Phase
A23: GENDCUMTS | B23: Device Type | C23: Bus Center | D23: Family Numbers/ Assembly no. | E23: Test | F23: Material | G23: Phase
A24: GENDRLMTA | B24: Device Type | C24: Bus Center | D24: Family Numbers/ Assembly no. | E24: Test | F24: Material | G24: Phase
A25: GENDRLMBS | B25: Device Type | C25: Bus Center | D25: Family Numbers/ Assembly no. | E25: Test | F25: Material | G25: Phase
A26: GENDRUMTA | B26: Device Type | C26: Bus Center | D26: Family Numbers/ Assembly no. | E26: Test | F26: Material | G26: Phase
A27: GENDRUMTS | B27: Device Type | C27: Bus Center | D27: Family Numbers/ Assembly no. | E27: Test | F27: Material | G27: Phase
A28: GENNEUTRALXBUS | B28: Width (Wide) | C28: Amperage | D28: Test | E28: Material | F28: Assembly No.
A29: GENNEUTLUGPADS | B29: Device Type | C29: Width (Wide) | D29: Bus Center | E29: Disconnect | F29: Assembly No. | G29: Test | H29: Material | I29: Service/Non-Service Entrance
A30: GNDBUS | B30: Bus Rating | C30: Structure Width | D30: Amperage | E30: Material | F30: Assembly No. | G30: Utility
A31: GNBUSPLI | B31: Amperage | C31: Bus Capacity | D31: Material | E31: Assembly No. | F31: Offset/ Gnd Bus Splices
A32: GND BOND | B32: Amperage | C32: Assembly No. | D32: Material
A33: DISECNEU-1 | B33: Riser Amperage Rating | C33: Assembly No. | D33: Test | E33: Material | F33: Width (Wide) | G33: Cross Neut Rating
A34: FAFANEU | B34: Ameperage | C34: Width (Wide) | D34: Test | E34: Material | F34: Assembly No. | G34: Neutral Lugs
A35: NEUGFS | B35: Assembly No. | C35: Material | D35: X-Bus/Chassis Amperage
A36: MASECNEUT | B36: Riser Amperage Rating | C36: Assembly No. | D36: Width (Wide) | E36: Test | F36: Material | G36: Cross Neut Rating | H36: Device
A37: IMSECNEUT | B37: Breaker Type | C37: Max Breaker Amperage | D37: Assembly No. | E37: Cable Entry | F37: Service Entrance | G37: Ground Fault Protection | H37: Bus Position | I37: Test | J37: Material | K37: Width (Wide)
A38: SELNEUT | B38: Assembly No. | C38: Width (Wide) | D38: Test | E38: Material | F38: Device and Amp Rating
A39: RVMNNEUT | B39: Assembly No. | C39: Width (Wide) | D39: Test | E39: Amperage
A40: BUSSPLIC | B40: Assembly No. | C40: Material | D40: Bus Size | E40: Splice Offset | F40: Test
A41: BUSSPSI | B41: Depth | C41: Bus position
A42: WFSPLBU | B42: Assembly No. | C42: Amperage | D42: Test | E42: 3 Wire/1 Wire | F42: Material
A43: CHASBUCO | B43: Assembly No. | C43: Chassis Rating | D43: Cross Bus Rating Amperage | E43: Test | F43: Material | G43: Chassis (38X, 50X, 38X Double Feed)
A44: CHASSIS | B44: Amperage | C44: Phase | D44: Test | E44: Material | F44: Chassis (38X, 50X) | G44: Cross Bus present or not
A45: CHASSMTG | B45: Chassis (38X, 50X) | C45: Assembly No. | D45: Width (Wide) | E45: Depth
A46: CHASSIS5 | B46: Amperage | C46: Assembly No. | D46: Material | E46: Test | F46: Phase | G46: With/Without Cross Bus Connector | H46: Without/ Within CTS
A47: CHASSIS3 | B47: Amperage | C47: Assembly No. | D47: Material | E47: Test | F47: Phase | G47: With/Without Cross X-Bus Connector | H47: Without/ Within CTS
A48: CHASSML | B48: Service Entrance | C48: Amperage | D48: Assembly No. | E48: With/Without Neutral Sensor | F48: Test | G48: Material | H48: Breaker Series Type | I48: Chassis Top/Bottom Incoming Neutral/ ML Obsolete
A49: CHBUMNBK | B49: Device Type | C49: X Space | D49: Assembly No. | E49: Test | F49: Material
A50: CHASSISRDBUS | B50: Assembly No. | C50: Test | D50: Material | E50: Amperage | F50: Width (Wide) | G50: Mechanical Lug (750/500MCM)
A51: CHASSISFDPWBUS | B51: Amperage | C51: Assembly No. | D51: Switch Volts | E51: Material
A52: CHASSCT
A53: CHASSIS BARRIERS | B53: X Space to Cover | C53: Barrier Combination (22X) | D53: Width (Wide) | E53: Depth | F53: Cross Bus Mounting Location
A54: NYCHASSIS | B54: Assembly No. | C54: 50X,88X Chassis | D54: With/Without Cross Bus | E54: Phase | F54: Test | G54: Material
A55: NYCHASSIS50 | B55: Mechanical Lug (750/500MCM) | C55: Phase | D55: Test | E55: Material | F55: Amperage | G55: Assembly No. | H55: Without/ Within CTS | I55: Top Feed/Bottom Feed
A56: NYCHASSIS38 | B56: Mechanical Lug (750/500MCM) | C56: Phase | D56: Test | E56: Material | F56: Amperage | G56: Assembly No. | H56: Without/ Within CTS | I56: Top Feed/Bottom Feed
A57: PRLXWBRKT | B57: Bracket Length | C57: Flat/Bend Bracket | D57: Material | E57: Assembly No.
A58: CMPANSB
A59: DORMTGA | B59: With/Without Test Plug | C59: Width (Wide) | D59: Description | E59: Assembly No.
A60: CMPANCH | B60: Assembly No. | C60: Space 8X | D60: Description | E60: CTEP/PRL
A61: IQHARNESS
A62: WEBCOMPT | B62: Assembly No. | C62: Width (Wide) | D62: Space 11X
A63: SPDSWBD | B63: Application | C63: SPD Rating | D63: Width (Wide)
A64: XFMRClosurePlate | B64: Assembly No. | C64: XFMR vs SWBD depth Difference
A65: ODDRYXFMRCONN | B65: Amperage | C65: Test | D65: Material | E65: Assembly No. | F65: Depth | G65: Flat/Sloped Roof | H65: Nema 1/3R
A66: ConnectionCovers | B66: Assembly No. | C66: Depth | D66: Section Throat KVA (Left/Right) | E66: Nema 1/3R
A67: IDLIQXFMRSTR | B67: Assembly No. | C67: Indoor Transformer KVA rating
A68: LIQXFMRBUS | B68: Assembly No. | C68: Amperage | D68: Test | E68: Material | F68: 3 Phase/Neutral/Ground Bus | G68: Transformer (Left/Right) | H68: Cross Bus Location
A69: PHASEIDTAGS | B69: With/Without Neutral Bus
A70: FIXCVRS | B70: Breaker Type description | C70: Lockoff type | D70: Width (Wide) | E70: With/Without Lockoff
A71: PRCVDOR1 | B71: Amperage | C71: Width (Wide) | D71: Application | E71: Pringle/AF&AFGF Pringle
A72: PRCVDOR2 | B72: Amperage | C72: Width (Wide) | D72: Application | E72: Pringle/AF&AFGF Pringle
A73: PRCVDOR3 | B73: Amperage | C73: Width (Wide) | D73: Application | E73: Pringle/AF&AFGF Pringle
A74: PRCVDOR4 | B74: Amperage | C74: Width (Wide) | D74: Application | E74: Pringle/AF&AFGF Pringle
A75: PRCVDOR5 | B75: Amperage | C75: Width (Wide) | D75: Application | E75: Pringle/AF&AFGF Pringle
A76: PRCVDOR6 | B76: Amperage | C76: Width (Wide) | D76: Application | E76: Pringle/AF&AFGF Pringle
A77: PRCVDOR7 | B77: Switch | C77: Amperage | D77: Width (Wide) | E77: Assembly No. | F77: Standard/ with ITI GF, with Single Phase, With ITI GF and Single Phase | G77: Pringle/AF&AFGF Pringle
A78: PRCVDOR8 | B78: Amperage | C78: Width (Wide) | D78: Application | E78: Pringle/AF&AFGF Pringle
A79: GFRCOMP | B79: Assembly No. | C79: Width (Wide) | D79: With/Without Pow-r-line i/PRLiX Chassis Ltd. | E79: With/Without Test Panel
A80: GFRCOMP2 | B80: Assembly No. | C80: Width (Wide) | D80: With/Without Pow-r-line i/PRLiX Chassis Ltd. | E80: 1/2 Relay
A81: PRCOMBLF | B81: Width (Wide) | C81: With Mini/large Indication Lights
A82: IFSQUICKDISC.xlsx
A83: IFSNEUTGRDDISC.xlsx
A84: IFSMLO22X.xlsx | B84: Bus Rating (Amps) | C84: Assembly No. | D84: X Space | E84: Test | F84: Material | G84: With/Without Connection to Splice
A85: IFSXFMRSEL 15-150KVA.xlsx | B85: Assembly No. | C85: Support Width | D85: Depth | E85: Seismic/Non-Seismic | F85: Extra Sheets need to discuss
A86: IFSXFMRSEL 225-300kVA.xlsx | B86: Assembly No. | C86: Width (Wide) | D86: Depth
A87: IFSTRIM.xlsx | B87: Assembly No. | C87: Width (Wide) | D87: Panel Quantity | E87: Trim Assemblies- Single/ Door in Door/ PRC limiter
A88: IFSDOOR_COVERS.xlsx | B88: Assembly No. | C88: Transformer KVA | D88: Width (Wide) | E88: Description
A89: IFSPNLMTG.xlsx | B89: Assembly No. | C89: Panel Quantity | D89: Width (Wide) | E89: Depth
A90: LUGGROUPS | B90: Assembly No. | C90: Amperage | D90: 500/750 MCM | E90: With or Without One hole | F90: Copper/Aluminium Cables
A91: DS-SB CAT BUILDER
A92: MAG PXR & PD-SB CAT
A93: SUMTER MAG #
A94: 1 HIGH MAG - FIXED | B94: Assembly No. | C94: Amperage | D94: Minimum Depth | E94: Width (Wide) | F94: With/ Without Device Width Cover | G94: Distinct Part Names (cover, interlock etc)
A95: 1 HIGH, 4000A, 3 POLE ONLY NARROW MAG - FIXED | B95: Assembly No. | C95: Amperage | D95: Minimum Depth | E95: Width (Wide) | F95: Distinct Part Names (cover, interlock etc)
A96: 1 HIGH MAG - D.O. | B96: Assembly No. | C96: Amperage | D96: Bus Center | E96: Test | F96: Material
A97: 1 HIGH, 4000A, 3 POLE ONLY NARROW MAG - DRAWOUT | B97: Assembly No. | C97: Amperage | D97: Bus Center | E97: Cross bus position | F97: Test | G97: Material
A98: 2 HIGH MAG - FIXED | B98: Assembly No. | C98: Depth | D98: Description
A99: 2 HIGH MAG -D.O. | B99: Assembly No. | C99: Description | D99: Amperage | E99: DWG No.
A100: 4 HIGH MAG -D.O. | B100: Assembly No. | C100: Depth | D100: Description
...

Sheet Extracted_Parameters
A1: Unique Parameters | B1: Current Extraction Coverage
A2: Material | B2: Material
A3: Minimum Structure Depth | B3: Structure Depth
A4: Structure Depth | B4: Assembly No.
A5: Assembly Number | B5: Width
A6: DWG No. | B6: Amperage
A7: Amperage | B7: Depth
A8: Bus Rating | B8: Bus Rating
A9: Bus Centers | B9: Height
A10: Device Type | B10: Voltage
A11: Width (Wide) | B11: 3/1 Phase
A12: Riser Amperage Rating | B12: 3/4 Wire
... A31: Description | B31: Width (Wide)
A32: Socket Type
A33: Utility Name
A34: Height
A35: Breaker Name
A36: 3/1 Phase
A37: Utility Compartment Type
A38: Utility Amperage
A39: With/ Without Lugs
A40: Lugs and Pressbolts/Pressbolts only
A41: Switch Catalog No.
A42: Application B/C
A43: Phase
... A229: Pressbolts only/ Pressbolts and Lugs

Sheet MCOE Checklist
N1: Possiblity Analysis | O1: Non-Available Parameters
A2: Bus-Cable Pull, Non Utility Specific | B2: CABLEPULL | C2: Material | D2: 3/1 Phase | E2: Heat Test/Density | F2: Section Width | G2: Amperage | H2: Multiple Sheets | I2: Assembly No. | N2: {=SUMPRODUCT(--ISNUMBER(MATCH(TRIM(C2:L2),Extracted_Parameters!$B:$B,0)))=COUNTA(C2:K2)} -> FALSE | O2: {=COUNTA(C2:K2)-SUMPRODUCT(--ISNUMBER(MATCH(C2:K2,Extracted_Parameters!$B:$B,0)))} -> 1
B3: CABLEPULL-2 | C3: Material | D3: 3/1 Phase | E3: Heat Test/Density | F3: Section Width | G3: Amperage | H3: Multiple Sheets | N3: {=SUMPRODUCT(--ISNUMBER(MATCH(TRIM(C3:L3),Extracted_Parameters!$B:$B,0)))=COUNTA(C3:K3)} -> FALSE | O3: {=COUNTA(C3:K3)-SUMPRODUCT(--ISNUMBER(MATCH(C3:K3,Extracted_Parameters!$B:$B,0)))} -> 1
A4: Bus-Connectors, Top of Device to Upper (Auxiliary) Cross Bus | B4: AUXMACON | C4: Minimum Structure Depth | D4: Cross Bus Position | E4: 3/1 Phase (3/1) | F4: Heat Test/Density | G4: Material | H4: Device | N4: {=SUMPRODUCT(--ISNUMBER(MATCH(TRIM(C4:L4),Extracted_Parameters!$B:$B,0)))=COUNTA(C4:K4)} -> FALSE | O4: {=COUNTA(C4:K4)-SUMPRODUCT(--ISNUMBER(MATCH(C4:K4,Extracted_Parameters!$B:$B,0)))} -> 4
B5: SAUXMACO | C5: Structure Depth | D5: Width (Wide) | E5: Cross Bus Position | F5: Heat Test/Density | G5: Aux X-Bus Hole CTRS | H5: Material | I5: Device | N5: {=SUMPRODUCT(--ISNUMBER(MATCH(TRIM(C5:L5),Extracted_Parameters!$B:$B,0)))=COUNTA(C5:K5)} -> FALSE | O5: {=COUNTA(C5:K5)-SUMPRODUCT(--ISNUMBER(MATCH(C5:K5,Extracted_Parameters!$B:$B,0)))} -> 3 | R5: Non-Available Datapoints | S5: Total List of Parameters | T5: Percentage of Total
B6: WCCONNMD | C6: Assembly No. | D6: Heat Test/Density | E6: Material | F6: Device | N6: {=SUMPRODUCT(--ISNUMBER(MATCH(TRIM(C6:L6),Extracted_Parameters!$B:$B,0)))=COUNTA(C6:K6)} -> FALSE | O6: {=COUNTA(C6:K6)-SUMPRODUCT(--ISNUMBER(MATCH(C6:K6,Extracted_Parameters!$B:$B,0)))} -> 1 | R6: 0 | S6: =COUNTIF($O$2:$O$260,R6) -> 64 | T6: =(S6/COUNT($O$2:$O$260))*100 -> 27.004219
A7: Bus-Connectors, Device to Lower (Standard) Cross Bus | B7: MDCONLN | C7: Minimum Structure Depth | D7: Minimum Structure Depth | E7: Bus Position | F7: DWG No. | G7: Heat Test/Density | H7: Material | I7: Device | N7: {=SUMPRODUCT(--ISNUMBER(MATCH(TRIM(C7:L7),Extracted_Parameters!$B:$B,0)))=COUNTA(C7:K7)} -> FALSE | O7: {=COUNTA(C7:K7)-SUMPRODUCT(--ISNUMBER(MATCH(C7:K7,Extracted_Parameters!$B:$B,0)))} -> 4 | R7: 1 | S7: =COUNTIF($O$2:$O$260,R7) -> 68 | T7: =(S7/COUNT($O$2:$O$260))*100 -> 28.691983
B8: MDCONLOA | C8: Minimum Structure Depth | D8: Bus Position | E8: DWG No. | F8: Heat Test/Density | G8: Structure Depth | H8: Material | I8: Device | J8: Support Edge to Edge | N8: {=SUMPRODUCT(--ISNUMBER(MATCH(TRIM(C8:L8),Extracted_Parameters!$B:$B,0)))=COUNTA(C8:K8)} -> FALSE | O8: {=COUNTA(C8:K8)-SUMPRODUCT(--ISNUMBER(MATCH(C8:K8,Extracted_Parameters!$B:$B,0)))} -> 4 | R8: 2 | S8: =COUNTIF($O$2:$O$260,R8) -> 52 | T8: =(S8/COUNT($O$2:$O$260))*100 -> 21.940928
B9: SMDCONLN | C9: DWG No. | D9: Structure Depth | E9: Cross Bus Position | F9: Heat Test | G9: Amp per Sq CU and Alum | N9: {=SUMPRODUCT(--ISNUMBER(MATCH(TRIM(C9:L9),Extracted_Parameters!$B:$B,0)))=COUNTA(C9:K9)} -> FALSE | O9: {=COUNTA(C9:K9)-SUMPRODUCT(--ISNUMBER(MATCH(C9:K9,Extracted_Parameters!$B:$B,0)))} -> 4 | R9: 3 | S9: =COUNTIF($O$2:$O$260,R9) -> 36 | T9: =(S9/COUNT($O$2:$O$260))*100 -> 15.189873
B10: STMNCHCO | C10: DWG No. | D10: Heat Test | E10: Amp per Sq CU and Alum | G10: 36/45W | N10: {=SUMPRODUCT(--ISNUMBER(MATCH(TRIM(C10:L10),Extracted_Parameters!$B:$B,0)))=COUNTA(C10:K10)} -> FALSE | O10: {=COUNTA(C10:K10)-SUMPRODUCT(--ISNUMBER(MATCH(C10:K10,Extracted_Parameters!$B:$B,0)))} -> 4 | R10: 4 | S10: =COUNTIF($O$2:$O$260,R10) -> 13 | T10: =(S10/COUNT($O$2:$O$260))*100 -> 5.4852321
B11: 3/1 PhaseCONN | C11: Width | D11: Assembly Drawing | E11: Density | F11: Material | G11: Amperage | H11: Device | N11: {=SUMPRODUCT(--ISNUMBER(MATCH(TRIM(C11:L11),Extracted_Parameters!$B:$B,0)))=COUNTA(C11:K11)} -> FALSE | O11: {=COUNTA(C11:K11)-SUMPRODUCT(--ISNUMBER(MATCH(C11:K11,Extracted_Parameters!$B:$B,0)))} -> 3 | R11: 5 | S11: =COUNTIF($O$2:$O$260,R11) -> 4 | T11: =(S11/COUNT($O$2:$O$260))*100 -> 1.6877637
A12: Bus-Cross, Top Position | B12: AUXILCB | C12: Amperage | D12: Width (Wide) | E12: Heat Test/Density | F12: Assembly No. | G12: 3/1/ Neutral 3/1 Phase Cross Bus | N12: {=SUMPRODUCT(--ISNUMBER(MATCH(TRIM(C12:L12),Extracted_Parameters!$B:$B,0)))=COUNTA(C12:K12)} -> FALSE | O12: {=COUNTA(C12:K12)-SUMPRODUCT(--ISNUMBER(MATCH(C12:K12,Extracted_Parameters!$B:$B,0)))} -> 1 | R12: 6 | S12: =COUNTIF($O$2:$O$260,R12) -> 0 | T12: =(S12/COUNT($O$2:$O$260))*100 -> 0
B13: AUXMACB | C13: DWG Number | D13: Width (Wide) | E13: Heat Test/Density | F13: Material | G13: Amperage | H13: Bus Hole Center | I13: 3/1 Phase | N13: {=SUMPRODUCT(--ISNUMBER(MATCH(TRIM(C13:L13),Extracted_Parameters!$B:$B,0)))=COUNTA(C13:K13)} -> FALSE | O13: {=COUNTA(C13:K13)-SUMPRODUCT(--ISNUMBER(MATCH(C13:K13,Extracted_Parameters!$B:$B,0)))} -> 2
A14: Bus, Cross Bus, Distribution/Individual Device | B14: MAINCB | C14: DWG No. | D14: Bus Hole Center | E14: Amperage | F14: Heat Test/Density | G14: Width (Wide) | H14: Material | I14: Mounting/Non-Mounting Assemblies | N14: {=SUMPRODUCT(--ISNUMBER(MATCH(TRIM(C14:L14),Extracted_Parameters!$B:$B,0)))=COUNTA(C14:K14)} -> FALSE | O14: {=COUNTA(C14:K14)-SUMPRODUCT(--ISNUMBER(MATCH(C14:K14,Extracted_Parameters!$B:$B,0)))} -> 3
B15: DISTCB | C15: Amperage | D15: Width (Wide) | E15: Heat Test/Density | F15: Material | G15: Assembly No. | N15: {=SUMPRODUCT(--ISNUMBER(MATCH(TRIM(C15:L15),Extracted_Parameters!$B:$B,0)))=COUNTA(C15:K15)} -> TRUE | O15: {=COUNTA(C15:K15)-SUMPRODUCT(--ISNUMBER(MATCH(C15:K15,Extracted_Parameters!$B:$B,0)))} -> 0
A16: Bus- Cross Bus Reference Information | B16: BUSCENTE | C16: Bus Rating | D16: Device Centers | E16: X-Bus Centers | F16: Width (Wide) | G16: Device | N16: {=SUMPRODUCT(--ISNUMBER(MATCH(TRIM(C16:L16),Extracted_Parameters!$B:$B,0)))=COUNTA(C16:K16)} -> FALSE | O16: {=COUNTA(C16:K16)-SUMPRODUCT(--ISNUMBER(MATCH(C16:K16,Extracted_Parameters!$B:$B,0)))} -> 4
B17: SWBDBUS | C17: - | N17: {=SUMPRODUCT(--ISNUMBER(MATCH(TRIM(C17:L17),Extracted_Parameters!$B:$B,0)))=COUNTA(C17:K17)} -> FALSE | O17: {=COUNTA(C17:K17)-SUMPRODUCT(--ISNUMBER(MATCH(C17:K17,Extracted_Parameters!$B:$B,0)))} -> 1
A18: Bus- Generic, Crossbus, Runbacks, Connectors- RD, Magnum, Pringle | B18: GENRISERS | C18: Amperage | D18: Material | E18: Heat Test/Density | F18: 3/1 Phase | G18: Bus Centers | N18: {=SUMPRODUCT(--ISNUMBER(MATCH(TRIM(C18:L18),Extracted_Parameters!$B:$B,0)))=COUNTA(C18:K18)} -> FALSE | O18: {=COUNTA(C18:K18)-SUMPRODUCT(--ISNUMBER(MATCH(C18:K18,Extracted_Parameters!$B:$B,0)))} -> 1
B19: GENXBUS | C19: Bus Centers | D19: Amperage | E19: Heat Test/Density | F19: Material | N19: {=SUMPRODUCT(--ISNUMBER(MATCH(TRIM(C19:L19),Extracted_Parameters!$B:$B,0)))=COUNTA(C19:K19)} -> FALSE | O19: {=COUNTA(C19:K19)-SUMPRODUCT(--ISNUMBER(MATCH(C19:K19,Extracted_Parameters!$B:$B,0)))} -> 1
B20: GENDCLMTA | C20: Bus Centers | D20: Heat Test/Density | E20: Material | F20: 3/1 Phase | G20: Device Type | H20: Amperage | N20: {=SUMPRODUCT(--ISNUMBER(MATCH(TRIM(C20:L20),Extracted_Parameters!$B:$B,0)))=COUNTA(C20:K20)} -> FALSE | O20: {=COUNTA(C20:K20)-SUMPRODUCT(--ISNUMBER(MATCH(C20:K20,Extracted_Parameters!$B:$B,0)))} -> 3
B21: GENDCLMBS | C21: Device Type | D21: Bus Center | E21: Family Numbers/ Assembly no. | F21: Heat Test/Density | G21: Material | H21: 3/1 Phase | N21: {=SUMPRODUCT(--ISNUMBER(MATCH(TRIM(C21:L21),Extracted_Parameters!$B:$B,0)))=COUNTA(C21:K21)} -> FALSE | O21: {=COUNTA(C21:K21)-SUMPRODUCT(--ISNUMBER(MATCH(C21:K21,Extracted_Parameters!$B:$B,0)))} -> 3
B22: GENDCUMTA | C22: Device Type | D22: Bus Center | E22: Family Numbers/ Assembly no. | F22: Heat Test/Density | G22: Material | H22: 3/1 Phase | N22: {=SUMPRODUCT(--ISNUMBER(MATCH(TRIM(C22:L22),Extracted_Parameters!$B:$B,0)))=COUNTA(C22:K22)} -> FALSE | O22: {=COUNTA(C22:K22)-SUMPRODUCT(--ISNUMBER(MATCH(C22:K22,Extracted_Parameters!$B:$B,0)))} -> 3
B23: GENDCUMTS | C23: Device Type | D23: Bus Center | E23: Family Numbers/ Assembly no. | F23: Heat Test/Density | G23: Material | H23: 3/1 Phase | N23: {=SUMPRODUCT(--ISNUMBER(MATCH(TRIM(C23:L23),Extracted_Parameters!$B:$B,0)))=COUNTA(C23:K23)} -> FALSE | O23: {=COUNTA(C23:K23)-SUMPRODUCT(--ISNUMBER(MATCH(C23:K23,Extracted_Parameters!$B:$B,0)))} -> 3
B24: GENDRLMTA | C24: Device Type | D24: Bus Center | E24: Family Numbers/ Assembly no. | F24: Heat Test/Density | G24: Material | H24: 3/1 Phase | N24: {=SUMPRODUCT(--ISNUMBER(MATCH(TRIM(C24:L24),Extracted_Parameters!$B:$B,0)))=COUNTA(C24:K24)} -> FALSE | O24: {=COUNTA(C24:K24)-SUMPRODUCT(--ISNUMBER(MATCH(C24:K24,Extracted_Parameters!$B:$B,0)))} -> 3
B25: GENDRLMBS | C25: Device Type | D25: Bus Center | E25: Family Numbers/ Assembly no. | F25: Heat Test/Density | G25: Material | H25: 3/1 Phase | N25: {=SUMPRODUCT(--ISNUMBER(MATCH(TRIM(C25:L25),Extracted_Parameters!$B:$B,0)))=COUNTA(C25:K25)} -> FALSE | O25: {=COUNTA(C25:K25)-SUMPRODUCT(--ISNUMBER(MATCH(C25:K25,Extracted_Parameters!$B:$B,0)))} -> 3
B26: GENDRUMTA | C26: Device Type | D26: Bus Center | E26: Family Numbers/ Assembly no. | F26: Heat Test/Density | G26: Material | H26: 3/1 Phase | N26: {=SUMPRODUCT(--ISNUMBER(MATCH(TRIM(C26:L26),Extracted_Parameters!$B:$B,0)))=COUNTA(C26:K26)} -> FALSE | O26: {=COUNTA(C26:K26)-SUMPRODUCT(--ISNUMBER(MATCH(C26:K26,Extracted_Parameters!$B:$B,0)))} -> 3
B27: GENDRUMTS | C27: Device Type | D27: Bus Center | E27: Family Numbers/ Assembly no. | F27: Heat Test/Density | G27: Material | H27: 3/1 Phase | N27: {=SUMPRODUCT(--ISNUMBER(MATCH(TRIM(C27:L27),Extracted_Parameters!$B:$B,0)))=COUNTA(C27:K27)} -> FALSE | O27: {=COUNTA(C27:K27)-SUMPRODUCT(--ISNUMBER(MATCH(C27:K27,Extracted_Parameters!$B:$B,0)))} -> 3
B28: GENNEUTRALXBUS | C28: Width (Wide) | D28: Amperage | E28: Heat Test/Density | F28: Material | G28: Assembly No. | N28: {=SUMPRODUCT(--ISNUMBER(MATCH(TRIM(C28:L28),Extracted_Parameters!$B:$B,0)))=COUNTA(C28:K28)} -> TRUE | O28: {=COUNTA(C28:K28)-SUMPRODUCT(--ISNUMBER(MATCH(C28:K28,Extracted_Parameters!$B:$B,0)))} -> 0
B29: GENNEUTLUGPADS | C29: Device Type | D29: Width (Wide) | E29: Bus Center | F29: Disconnect | G29: Assembly No. | H29: Heat Test/Density | I29: Material | J29: Service/Non-Service Entrance | N29: {=SUMPRODUCT(--ISNUMBER(MATCH(TRIM(C29:L29),Extracted_Parameters!$B:$B,0)))=COUNTA(C29:K29)} -> FALSE | O29: {=COUNTA(C29:K29)-SUMPRODUCT(--ISNUMBER(MATCH(C29:K29,Extracted_Parameters!$B:$B,0)))} -> 4
A30: Bus Ground | B30: GNDBUS | C30: Bus Rating | D30: Width (Wide) | E30: Amperage | F30: Material | G30: Assembly No. | H30: Utility | N30: {=SUMPRODUCT(--ISNUMBER(MATCH(TRIM(C30:L30),Extracted_Parameters!$B:$B,0)))=COUNTA(C30:K30)} -> FALSE | O30: {=COUNTA(C30:K30)-SUMPRODUCT(--ISNUMBER(MATCH(C30:K30,Extracted_Parameters!$B:$B,0)))} -> 2
B31: GNBUSPLI | C31: Amperage | D31: Bus Capacity | E31: Material | F31: Assembly No. | G31: Offset/ Gnd Bus Splices | N31: {=SUMPRODUCT(--ISNUMBER(MATCH(TRIM(C31:L31),Extracted_Parameters!$B:$B,0)))=COUNTA(C31:K31)} -> FALSE | O31: {=COUNTA(C31:K31)-SUMPRODUCT(--ISNUMBER(MATCH(C31:K31,Extracted_Parameters!$B:$B,0)))} -> 1
A32: Bus Ground (For Cable Pull Sections & Generic Neutral Cross Bus) | B32: GND BOND | C32: Amperage | D32: Assembly No. | E32: Material | N32: {=SUMPRODUCT(--ISNUMBER(MATCH(TRIM(C32:L32),Extracted_Parameters!$B:$B,0)))=COUNTA(C32:K32)} -> TRUE | O32: {=COUNTA(C32:K32)-SUMPRODUCT(--ISNUMBER(MATCH(C32:K32,Extracted_Parameters!$B:$B,0)))} -> 0
A33: Bus- Neutral, Distribution Section | B33: DISECNEU-1 | C33: Riser Amperage Rating | D33: Assembly No. | E33: Heat Test/Density | F33: Material | G33: Width (Wide) | H33: Cross Neut Rating | N33: {=SUMPRODUCT(--ISNUMBER(MATCH(TRIM(C33:L33),Extracted_Parameters!$B:$B,0)))=COUNTA(C33:K33)} -> FALSE | O33: {=COUNTA(C33:K33)-SUMPRODUCT(--ISNUMBER(MATCH(C33:K33,Extracted_Parameters!$B:$B,0)))} -> 2
B34: FAFANEU | C34: Ameperage | D34: Width (Wide) | E34: Heat Test/Density | F34: Material | G34: Assembly No. | H34: Neutral Lugs | N34: {=SUMPRODUCT(--ISNUMBER(MATCH(TRIM(C34:L34),Extracted_Parameters!$B:$B,0)))=COUNTA(C34:K34)} -> FALSE | O34: {=COUNTA(C34:K34)-SUMPRODUCT(--ISNUMBER(MATCH(C34:K34,Extracted_Parameters!$B:$B,0)))} -> 2
B35: NEUGFS | C35: Assembly No. | D35: Material | E35: X-Bus/Chassis Amperage | N35: {=SUMPRODUCT(--ISNUMBER(MATCH(TRIM(C35:L35),Extracted_Parameters!$B:$B,0)))=COUNTA(C35:K35)} -> FALSE | O35: {=COUNTA(C35:K35)-SUMPRODUCT(--ISNUMBER(MATCH(C35:K35,Extracted_Parameters!$B:$B,0)))} -> 1
A36: Bus - Neutral, Individual Mount Section | B36: MASECNEUT | C36: Riser Amperage Rating | D36: Assembly No. | E36: Width (Wide) | F36: Heat Test/Density | G36: Material | H36: Cross Neut Rating | I36: Device | N36: {=SUMPRODUCT(--ISNUMBER(MATCH(TRIM(C36:L36),Extracted_Parameters!$B:$B,0)))=COUNTA(C36:K36)} -> FALSE | O36: {=COUNTA(C36:K36)-SUMPRODUCT(--ISNUMBER(MATCH(C36:K36,Extracted_Parameters!$B:$B,0)))} -> 3
B37: IMSECNEUT | C37: Breaker Type | D37: Max Breaker Amperage | E37: Assembly No. | F37: Cable Entry | G37: Service Entrance | H37: Ground Fault Protection | I37: Bus Position | J37: Heat Test/Density | K37: Material | L37: Width (Wide) | N37: {=SUMPRODUCT(--ISNUMBER(MATCH(TRIM(C37:L37),Extracted_Parameters!$B:$B,0)))=COUNTA(C37:K37)} -> FALSE | O37: {=COUNTA(C37:K37)-SUMPRODUCT(--ISNUMBER(MATCH(C37:K37,Extracted_Parameters!$B:$B,0)))} -> 5
B38: SELNEUT | C38: Assembly No. | D38: Width (Wide) | E38: Heat Test/Density | F38: Material | G38: Device and Amp Rating | N38: {=SUMPRODUCT(--ISNUMBER(MATCH(TRIM(C38:L38),Extracted_Parameters!$B:$B,0)))=COUNTA(C38:K38)} -> FALSE | O38: {=COUNTA(C38:K38)-SUMPRODUCT(--ISNUMBER(MATCH(C38:K38,Extracted_Parameters!$B:$B,0)))} -> 1
B39: RVMNNEUT | C39: Assembly No. | D39: Width (Wide) | E39: Heat Test/Density | F39: Amperage | N39: {=SUMPRODUCT(--ISNUMBER(MATCH(TRIM(C39:L39),Extracted_Parameters!$B:$B,0)))=COUNTA(C39:K39)} -> TRUE | O39: {=COUNTA(C39:K39)-SUMPRODUCT(--ISNUMBER(MATCH(C39:K39,Extracted_Parameters!$B:$B,0)))} -> 0
A40: Bus -Splice, Cross Bus | B40: BUSSPLIC | C40: Assembly No. | D40: Material | E40: Bus Size | F40: Splice Offset | G40: Heat Test/Density | N40: {=SUMPRODUCT(--ISNUMBER(MATCH(TRIM(C40:L40),Extracted_Parameters!$B:$B,0)))=COUNTA(C40:K40)} -> FALSE | O40: {=COUNTA(C40:K40)-SUMPRODUCT(--ISNUMBER(MATCH(C40:K40,Extracted_Parameters!$B:$B,0)))} -> 2
B41: BUSSPSI | C41: Depth | D41: Bus position | N41: {=SUMPRODUCT(--ISNUMBER(MATCH(TRIM(C41:L41),Extracted_Parameters!$B:$B,0)))=COUNTA(C41:K41)} -> TRUE | O41: {=COUNTA(C41:K41)-SUMPRODUCT(--ISNUMBER(MATCH(C41:K41,Extracted_Parameters!$B:$B,0)))} -> 0
B42: WFSPLBU | C42: Assembly No. | D42: Amperage | E42: Heat Test/Density | F42: 3 Wire/1 Wire | G42: Material | N42: {=SUMPRODUCT(--ISNUMBER(MATCH(TRIM(C42:L42),Extracted_Parameters!$B:$B,0)))=COUNTA(C42:K42)} -> FALSE | O42: {=COUNTA(C42:K42)-SUMPRODUCT(--ISNUMBER(MATCH(C42:K42,Extracted_Parameters!$B:$B,0)))} -> 1
A43: Chassis | B43: CHASBUCO | C43: Assembly No. | D43: Chassis Rating | E43: Cross Bus Rating Amperage | F43: Heat Test/Density | G43: Material | H43: Chassis (38X, 50X, 38X Double Feed) | N43: {=SUMPRODUCT(--ISNUMBER(MATCH(TRIM(C43:L43),Extracted_Parameters!$B:$B,0)))=COUNTA(C43:K43)} -> FALSE | O43: {=COUNTA(C43:K43)-SUMPRODUCT(--ISNUMBER(MATCH(C43:K43,Extracted_Parameters!$B:$B,0)))} -> 3
B44: CHASSIS | C44: Amperage | D44: 3/1 Phase | E44: Heat Test/Density | F44: Material | G44: Chassis (38X, 50X) | H44: Cross Bus present or not | N44: {=SUMPRODUCT(--ISNUMBER(MATCH(TRIM(C44:L44),Extracted_Parameters!$B:$B,0)))=COUNTA(C44:K44)} -> FALSE | O44: {=COUNTA(C44:K44)-SUMPRODUCT(--ISNUMBER(MATCH(C44:K44,Extracted_Parameters!$B:$B,0)))} -> 2
B45: CHASSMTG | C45: Chassis (38X, 50X) | D45: Assembly No. | E45: Width (Wide) | F45: Depth | N45: {=SUMPRODUCT(--ISNUMBER(MATCH(TRIM(C45:L45),Extracted_Parameters!$B:$B,0)))=COUNTA(C45:K45)} -> FALSE | O45: {=COUNTA(C45:K45)-SUMPRODUCT(--ISNUMBER(MATCH(C45:K45,Extracted_Parameters!$B:$B,0)))} -> 1
B46: CHASSIS5 | C46: Amperage | D46: Assembly No. | E46: Material | F46: Heat Test/Density | G46: 3/1 Phase | H46: With/Without Cross Bus Connector | I46: Without/ Within CTS | N46: {=SUMPRODUCT(--ISNUMBER(MATCH(TRIM(C46:L46),Extracted_Parameters!$B:$B,0)))=COUNTA(C46:K46)} -> FALSE | O46: {=COUNTA(C46:K46)-SUMPRODUCT(--ISNUMBER(MATCH(C46:K46,Extracted_Parameters!$B:$B,0)))} -> 2
B47: CHASSIS3 | C47: Amperage | D47: Assembly No. | E47: Material | F47: Heat Test/Density | G47: 3/1 Phase | H47: With/Without Cross X-Bus Connector | I47: Without/ Within CTS | N47: {=SUMPRODUCT(--ISNUMBER(MATCH(TRIM(C47:L47),Extracted_Parameters!$B:$B,0)))=COUNTA(C47:K47)} -> FALSE | O47: {=COUNTA(C47:K47)-SUMPRODUCT(--ISNUMBER(MATCH(C47:K47,Extracted_Parameters!$B:$B,0)))} -> 2
B48: CHASSML | C48: Service Entrance | D48: Amperage | E48: Assembly No. | F48: With/Without Neutral Sensor | G48: Heat Test/Density | H48: Material | I48: Breaker Series Type | J48: Chassis Top/Bottom Incoming Neutral/ ML Obsolete | N48: {=SUMPRODUCT(--ISNUMBER(MATCH(TRIM(C48:L48),Extracted_Parameters!$B:$B,0)))=COUNTA(C48:K48)} -> FALSE | O48: {=COUNTA(C48:K48)-SUMPRODUCT(--ISNUMBER(MATCH(C48:K48,Extracted_Parameters!$B:$B,0)))} -> 4
B49: CHBUMNBK | C49: Device Type | D49: X Space | E49: Assembly No. | F49: Heat Test/Density | G49: Material | N49: {=SUMPRODUCT(--ISNUMBER(MATCH(TRIM(C49:L49),Extracted_Parameters!$B:$B,0)))=COUNTA(C49:K49)} -> FALSE | O49: {=COUNTA(C49:K49)-SUMPRODUCT(--ISNUMBER(MATCH(C49:K49,Extracted_Parameters!$B:$B,0)))} -> 2
B50: CHASSISRDBUS | C50: Assembly No. | D50: Heat Test/Density | E50: Material | F50: Amperage | G50: Width (Wide) | H50: Mechanical Lug (750/500MCM) | N50: {=SUMPRODUCT(--ISNUMBER(MATCH(TRIM(C50:L50),Extracted_Parameters!$B:$B,0)))=COUNTA(C50:K50)} -> FALSE | O50: {=COUNTA(C50:K50)-SUMPRODUCT(--ISNUMBER(MATCH(C50:K50,Extracted_Parameters!$B:$B,0)))} -> 1
B51: CHASSISFDPWBUS | C51: Amperage | D51: Assembly No. | E51: Switch Volts | F51: Material | N51: {=SUMPRODUCT(--ISNUMBER(MATCH(TRIM(C51:L51),Extracted_Parameters!$B:$B,0)))=COUNTA(C51:K51)} -> FALSE | O51: {=COUNTA(C51:K51)-SUMPRODUCT(--ISNUMBER(MATCH(C51:K51,Extracted_Parameters!$B:$B,0)))} -> 1
B52: CHASSCT | N52: {=SUMPRODUCT(--ISNUMBER(MATCH(TRIM(C52:L52),Extracted_Parameters!$B:$B,0)))=COUNTA(C52:K52)} -> TRUE | O52: -
B53: CHASSIS BARRIERS | C53: X Space to Cover | D53: Barrier Combination (22X) | E53: Width (Wide) | F53: Depth | G53: Cross Bus Mounting Location | N53: {=SUMPRODUCT(--ISNUMBER(MATCH(TRIM(C53:L53),Extracted_Parameters!$B:$B,0)))=COUNTA(C53:K53)} -> FALSE | O53: {=COUNTA(C53:K53)-SUMPRODUCT(--ISNUMBER(MATCH(C53:K53,Extracted_Parameters!$B:$B,0)))} -> 3
B54: NYCHASSIS | C54: Assembly No. | D54: 50X,88X Chassis | E54: With/Without Cross Bus | F54: 3/1 Phase | G54: Heat Test/Density | H54: Material | N54: {=SUMPRODUCT(--ISNUMBER(MATCH(TRIM(C54:L54),Extracted_Parameters!$B:$B,0)))=COUNTA(C54:K54)} -> FALSE | O54: {=COUNTA(C54:K54)-SUMPRODUCT(--ISNUMBER(MATCH(C54:K54,Extracted_Parameters!$B:$B,0)))} -> 2
B55: NYCHASSIS50 | C55: Mechanical Lug (750/500MCM) | D55: 3/1 Phase | E55: Heat Test/Density | F55: Material | G55: Amperage | H55: Assembly No. | I55: Without/ Within CTS | J55: Top Feed/Bottom Feed | N55: {=SUMPRODUCT(--ISNUMBER(MATCH(TRIM(C55:L55),Extracted_Parameters!$B:$B,0)))=COUNTA(C55:K55)} -> FALSE | O55: {=COUNTA(C55:K55)-SUMPRODUCT(--ISNUMBER(MATCH(C55:K55,Extracted_Parameters!$B:$B,0)))} -> 3
B56: NYCHASSIS38 | C56: Mechanical Lug (750/500MCM) | D56: 3/1 Phase | E56: Heat Test/Density | F56: Material | G56: Amperage | H56: Assembly No. | I56: Without/ Within CTS | J56: Top Feed/Bottom Feed | N56: {=SUMPRODUCT(--ISNUMBER(MATCH(TRIM(C56:L56),Extracted_Parameters!$B:$B,0)))=COUNTA(C56:K56)} -> FALSE | O56: {=COUNTA(C56:K56)-SUMPRODUCT(--ISNUMBER(MATCH(C56:K56,Extracted_Parameters!$B:$B,0)))} -> 3
B57: PRLXWBRKT | C57: Bracket Length | D57: Flat/Bend Bracket | E57: Material | F57: Assembly No. | N57: {=SUMPRODUCT(--ISNUMBER(MATCH(TRIM(C57:L57),Extracted_Parameters!$B:$B,0)))=COUNTA(C57:K57)} -> FALSE | O57: {=COUNTA(C57:K57)-SUMPRODUCT(--ISNUMBER(MATCH(C57:K57,Extracted_Parameters!$B:$B,0)))} -> 2
A58: Compartments, Metering/ SPD/ Communication | B58: CMPANSB | N58: {=SUMPRODUCT(--ISNUMBER(MATCH(TRIM(C58:L58),Extracted_Parameters!$B:$B,0)))=COUNTA(C58:K58)} -> TRUE | O58: -
B59: DORMTGA | C59: With/Without Test Plug | D59: Width (Wide) | E59: Description | F59: Assembly No. | N59: {=SUMPRODUCT(--ISNUMBER(MATCH(TRIM(C59:L59),Extracted_Parameters!$B:$B,0)))=COUNTA(C59:K59)} -> FALSE | O59: {=COUNTA(C59:K59)-SUMPRODUCT(--ISNUMBER(MATCH(C59:K59,Extracted_Parameters!$B:$B,0)))} -> 2
B60: CMPANCH | C60: Assembly No. | D60: Space 8X | E60: Description | F60: CTEP/PRL | N60: {=SUMPRODUCT(--ISNUMBER(MATCH(TRIM(C60:L60),Extracted_Parameters!$B:$B,0)))=COUNTA(C60:K60)} -> FALSE | O60: {=COUNTA(C60:K60)-SUMPRODUCT(--ISNUMBER(MATCH(C60:K60,Extracted_Parameters!$B:$B,0)))} -> 3
B61: IQHARNESS | N61: {=SUMPRODUCT(--ISNUMBER(MATCH(TRIM(C61:L61),Extracted_Parameters!$B:$B,0)))=COUNTA(C61:K61)} -> TRUE | O61: -
B62: WEBCOMPT | C62: Assembly No. | D62: Width (Wide) | E62: Space 11X | N62: {=SUMPRODUCT(--ISNUMBER(MATCH(TRIM(C62:L62),Extracted_Parameters!$B:$B,0)))=COUNTA(C62:K62)} -> FALSE | O62: {=COUNTA(C62:K62)-SUMPRODUCT(--ISNUMBER(MATCH(C62:K62,Extracted_Parameters!$B:$B,0)))} -> 1
B63: SPDSWBD | C63: Application | D63: SPD Rating | E63: Width (Wide) | N63: {=SUMPRODUCT(--ISNUMBER(MATCH(TRIM(C63:L63),Extracted_Parameters!$B:$B,0)))=COUNTA(C63:K63)} -> FALSE | O63: {=COUNTA(C63:K63)-SUMPRODUCT(--ISNUMBER(MATCH(C63:K63,Extracted_Parameters!$B:$B,0)))} -> 2
A64: Connections to Substation Transformers | B64: XFMRClosurePlate | C64: Assembly No. | D64: XFMR vs SWBD depth Difference | N64: {=SUMPRODUCT(--ISNUMBER(MATCH(TRIM(C64:L64),Extracted_Parameters!$B:$B,0)))=COUNTA(C64:K64)} -> FALSE | O64: {=COUNTA(C64:K64)-SUMPRODUCT(--ISNUMBER(MATCH(C64:K64,Extracted_Parameters!$B:$B,0)))} -> 1
B65: ODDRYXFMRCONN | C65: Amperage | D65: Heat Test/Density | E65: Material | F65: Assembly No. | G65: Depth | H65: Flat Roof/Sloped Roof | I65: Nema 1/3R | N65: {=SUMPRODUCT(--ISNUMBER(MATCH(TRIM(C65:L65),Extracted_Parameters!$B:$B,0)))=COUNTA(C65:K65)} -> TRUE | O65: {=COUNTA(C65:K65)-SUMPRODUCT(--ISNUMBER(MATCH(C65:K65,Extracted_Parameters!$B:$B,0)))} -> 0
B66: ConnectionCovers | C66: Assembly No. | D66: Depth | E66: Section Throat KVA (Left/Right) | F66: Nema 1/3R | N66: {=SUMPRODUCT(--ISNUMBER(MATCH(TRIM(C66:L66),Extracted_Parameters!$B:$B,0)))=COUNTA(C66:K66)} -> FALSE | O66: {=COUNTA(C66:K66)-SUMPRODUCT(--ISNUMBER(MATCH(C66:K66,Extracted_Parameters!$B:$B,0)))} -> 1
B67: IDLIQXFMRSTR | C67: Assembly No. | D67: Indoor Transformer KVA rating | N67: {=SUMPRODUCT(--ISNUMBER(MATCH(TRIM(C67:L67),Extracted_Parameters!$B:$B,0)))=COUNTA(C67:K67)} -> FALSE | O67: {=COUNTA(C67:K67)-SUMPRODUCT(--ISNUMBER(MATCH(C67:K67,Extracted_Parameters!$B:$B,0)))} -> 1
B68: LIQXFMRBUS | C68: Assembly No. | D68: Amperage | E68: Heat Test/Density | F68: Material | G68: 3 3/1 Phase/Neutral/Ground Bus | H68: Transformer (Left/Right) | I68: Cross Bus Location | N68: {=SUMPRODUCT(--ISNUMBER(MATCH(TRIM(C68:L68),Extracted_Parameters!$B:$B,0)))=COUNTA(C68:K68)} -> FALSE | O68: {=COUNTA(C68:K68)-SUMPRODUCT(--ISNUMBER(MATCH(C68:K68,Extracted_Parameters!$B:$B,0)))} -> 3
B69: 3/1 PhaseIDTAGS | C69: With/Without Neutral Bus | N69: {=SUMPRODUCT(--ISNUMBER(MATCH(TRIM(C69:L69),Extracted_Parameters!$B:$B,0)))=COUNTA(C69:K69)} -> FALSE | O69: {=COUNTA(C69:K69)-SUMPRODUCT(--ISNUMBER(MATCH(C69:K69,Extracted_Parameters!$B:$B,0)))} -> 1
A70: Covers- Device, w & w/o Lockoffs, Key Interlock Mountings | B70: FIXCVRS | C70: Breaker Type description | D70: Lockoff type | E70: Width (Wide) | F70: With/Without Lockoff | N70: {=SUMPRODUCT(--ISNUMBER(MATCH(TRIM(C70:L70),Extracted_Parameters!$B:$B,0)))=COUNTA(C70:K70)} -> FALSE | O70: {=COUNTA(C70:K70)-SUMPRODUCT(--ISNUMBER(MATCH(C70:K70,Extracted_Parameters!$B:$B,0)))} -> 3
B71: PRCVDOR1 | C71: Amperage | D71: Width (Wide) | E71: Application | F71: Pringle/AF&AFGF Pringle | N71: {=SUMPRODUCT(--ISNUMBER(MATCH(TRIM(C71:L71),Extracted_Parameters!$B:$B,0)))=COUNTA(C71:K71)} -> FALSE | O71: {=COUNTA(C71:K71)-SUMPRODUCT(--ISNUMBER(MATCH(C71:K71,Extracted_Parameters!$B:$B,0)))} -> 2
B72: PRCVDOR2 | C72: Amperage | D72: Width (Wide) | E72: Application | F72: Pringle/AF&AFGF Pringle | N72: {=SUMPRODUCT(--ISNUMBER(MATCH(TRIM(C72:L72),Extracted_Parameters!$B:$B,0)))=COUNTA(C72:K72)} -> FALSE | O72: {=COUNTA(C72:K72)-SUMPRODUCT(--ISNUMBER(MATCH(C72:K72,Extracted_Parameters!$B:$B,0)))} -> 2
B73: PRCVDOR3 | C73: Amperage | D73: Width (Wide) | E73: Application | F73: Pringle/AF&AFGF Pringle | N73: {=SUMPRODUCT(--ISNUMBER(MATCH(TRIM(C73:L73),Extracted_Parameters!$B:$B,0)))=COUNTA(C73:K73)} -> FALSE | O73: {=COUNTA(C73:K73)-SUMPRODUCT(--ISNUMBER(MATCH(C73:K73,Extracted_Parameters!$B:$B,0)))} -> 2
B74: PRCVDOR4 | C74: Amperage | D74: Width (Wide) | E74: Application | F74: Pringle/AF&AFGF Pringle | N74: {=SUMPRODUCT(--ISNUMBER(MATCH(TRIM(C74:L74),Extracted_Parameters!$B:$B,0)))=COUNTA(C74:K74)} -> FALSE | O74: {=COUNTA(C74:K74)-SUMPRODUCT(--ISNUMBER(MATCH(C74:K74,Extracted_Parameters!$B:$B,0)))} -> 2
B75: PRCVDOR5 | C75: Amperage | D75: Width (Wide) | E75: Application | F75: Pringle/AF&AFGF Pringle | N75: {=SUMPRODUCT(--ISNUMBER(MATCH(TRIM(C75:L75),Extracted_Parameters!$B:$B,0)))=COUNTA(C75:K75)} -> FALSE | O75: {=COUNTA(C75:K75)-SUMPRODUCT(--ISNUMBER(MATCH(C75:K75,Extracted_Parameters!$B:$B,0)))} -> 2
B76: PRCVDOR6 | C76: Amperage | D76: Width (Wide) | E76: Application | F76: Pringle/AF&AFGF Pringle | N76: {=SUMPRODUCT(--ISNUMBER(MATCH(TRIM(C76:L76),Extracted_Parameters!$B:$B,0)))=COUNTA(C76:K76)} -> FALSE | O76: {=COUNTA(C76:K76)-SUMPRODUCT(--ISNUMBER(MATCH(C76:K76,Extracted_Parameters!$B:$B,0)))} -> 2
B77: PRCVDOR7 | C77: Switch | D77: Amperage | E77: Width (Wide) | F77: Assembly No. | G77: Standard/ with ITI GF, with Single 3/1 Phase, With ITI GF and Single 3/1 Phase | H77: Pringle/AF&AFGF Pringle | N77: {=SUMPRODUCT(--ISNUMBER(MATCH(TRIM(C77:L77),Extracted_Parameters!$B:$B,0)))=COUNTA(C77:K77)} -> FALSE | O77: {=COUNTA(C77:K77)-SUMPRODUCT(--ISNUMBER(MATCH(C77:K77,Extracted_Parameters!$B:$B,0)))} -> 3
B78: PRCVDOR8 | C78: Amperage | D78: Width (Wide) | E78: Application | F78: Pringle/AF&AFGF Pringle | N78: {=SUMPRODUCT(--ISNUMBER(MATCH(TRIM(C78:L78),Extracted_Parameters!$B:$B,0)))=COUNTA(C78:K78)} -> FALSE | O78: {=COUNTA(C78:K78)-SUMPRODUCT(--ISNUMBER(MATCH(C78:K78,Extracted_Parameters!$B:$B,0)))} -> 2
A79: GFR-MTR Compartment and SensorMTGS/ Blown Fuse Indicator | B79: GFRCOMP | C79: Assembly No. | D79: Width (Wide) | E79: With/Without Pow-r-line i/PRLiX Chassis Ltd. | F79: With/Without Test Panel | N79: {=SUMPRODUCT(--ISNUMBER(MATCH(TRIM(C79:L79),Extracted_Parameters!$B:$B,0)))=COUNTA(C79:K79)} -> FALSE | O79: {=COUNTA(C79:K79)-SUMPRODUCT(--ISNUMBER(MATCH(C79:K79,Extracted_Parameters!$B:$B,0)))} -> 2
B80: GFRCOMP2 | C80: Assembly No. | D80: Width (Wide) | E80: With/Without Pow-r-line i/PRLiX Chassis Ltd. | F80: 1/2 Relay | N80: {=SUMPRODUCT(--ISNUMBER(MATCH(TRIM(C80:L80),Extracted_Parameters!$B:$B,0)))=COUNTA(C80:K80)} -> FALSE | O80: {=COUNTA(C80:K80)-SUMPRODUCT(--ISNUMBER(MATCH(C80:K80,Extracted_Parameters!$B:$B,0)))} -> 3
B81: PRCOMBLF | C81: Width (Wide) | D81: With Mini/large Indication Lights | N81: {=SUMPRODUCT(--ISNUMBER(MATCH(TRIM(C81:L81),Extracted_Parameters!$B:$B,0)))=COUNTA(C81:K81)} -> FALSE | O81: {=COUNTA(C81:K81)-SUMPRODUCT(--ISNUMBER(MATCH(C81:K81,Extracted_Parameters!$B:$B,0)))} -> 1
A82: IFS - Integrated Facility Switchboard | B82: IFSQUICKDISC.xlsx | N82: {=SUMPRODUCT(--ISNUMBER(MATCH(TRIM(C82:L82),Extracted_Parameters!$B:$B,0)))=COUNTA(C82:K82)} -> TRUE | O82: -
B83: IFSNEUTGRDDISC.xlsx | N83: {=SUMPRODUCT(--ISNUMBER(MATCH(TRIM(C83:L83),Extracted_Parameters!$B:$B,0)))=COUNTA(C83:K83)} -> TRUE | O83: -
B84: IFSMLO22X.xlsx | C84: Bus Rating (Amps) | D84: Assembly No. | E84: X Space | F84: Heat Test/Density | G84: Material | H84: With/Without Connection to Splice | N84: {=SUMPRODUCT(--ISNUMBER(MATCH(TRIM(C84:L84),Extracted_Parameters!$B:$B,0)))=COUNTA(C84:K84)} -> FALSE | O84: {=COUNTA(C84:K84)-SUMPRODUCT(--ISNUMBER(MATCH(C84:K84,Extracted_Parameters!$B:$B,0)))} -> 3
B85: IFSXFMRSEL 15-150KVA.xlsx | C85: Assembly No. | D85: Support Width | E85: Depth | F85: Seismic/Non-Seismic | G85: Extra Sheets need to discuss | N85: {=SUMPRODUCT(--ISNUMBER(MATCH(TRIM(C85:L85),Extracted_Parameters!$B:$B,0)))=COUNTA(C85:K85)} -> FALSE | O85: {=COUNTA(C85:K85)-SUMPRODUCT(--ISNUMBER(MATCH(C85:K85,Extracted_Parameters!$B:$B,0)))} -> 2
B86: IFSXFMRSEL 225-300kVA.xlsx | C86: Assembly No. | D86: Width (Wide) | E86: Depth | N86: {=SUMPRODUCT(--ISNUMBER(MATCH(TRIM(C86:L86),Extracted_Parameters!$B:$B,0)))=COUNTA(C86:K86)} -> TRUE | O86: {=COUNTA(C86:K86)-SUMPRODUCT(--ISNUMBER(MATCH(C86:K86,Extracted_Parameters!$B:$B,0)))} -> 0
B87: IFSTRIM.xlsx | C87: Assembly No. | D87: Width (Wide) | E87: Panel Quantity | F87: Trim Assemblies- Single/ Door in Door/ PRC limiter | N87: {=SUMPRODUCT(--ISNUMBER(MATCH(TRIM(C87:L87),Extracted_Parameters!$B:$B,0)))=COUNTA(C87:K87)} -> FALSE | O87: {=COUNTA(C87:K87)-SUMPRODUCT(--ISNUMBER(MATCH(C87:K87,Extracted_Parameters!$B:$B,0)))} -> 2
B88: IFSDOOR_COVERS.xlsx | C88: Assembly No. | D88: Transformer KVA | E88: Width (Wide) | F88: Description | N88: {=SUMPRODUCT(--ISNUMBER(MATCH(TRIM(C88:L88),Extracted_Parameters!$B:$B,0)))=COUNTA(C88:K88)} -> FALSE | O88: {=COUNTA(C88:K88)-SUMPRODUCT(--ISNUMBER(MATCH(C88:K88,Extracted_Parameters!$B:$B,0)))} -> 2
B89: IFSPNLMTG.xlsx | C89: Assembly No. | D89: Panel Quantity | E89: Width (Wide) | F89: Depth | N89: {=SUMPRODUCT(--ISNUMBER(MATCH(TRIM(C89:L89),Extracted_Parameters!$B:$B,0)))=COUNTA(C89:K89)} -> FALSE | O89: {=COUNTA(C89:K89)-SUMPRODUCT(--ISNUMBER(MATCH(C89:K89,Extracted_Parameters!$B:$B,0)))} -> 1
A90: Lugs Mechanical & Compression Groupings | B90: LUGGROUPS | C90: Assembly No. | D90: Amperage | E90: 500/750 MCM | F90: With or Without One hole | G90: Copper/Aluminium Cables | N90: {=SUMPRODUCT(--ISNUMBER(MATCH(TRIM(C90:L90),Extracted_Parameters!$B:$B,0)))=COUNTA(C90:K90)} -> FALSE | O90: {=COUNTA(C90:K90)-SUMPRODUCT(--ISNUMBER(MATCH(C90:K90,Extracted_Parameters!$B:$B,0)))} -> 3
A91: Magnum Breaker, Mounting Assembly, Cross bus, Line & Load connections, Neutral and CAT Numbers | B91: DS-SB CAT BUILDER | N91: {=SUMPRODUCT(--ISNUMBER(MATCH(TRIM(C91:L91),Extracted_Parameters!$B:$B,0)))=COUNTA(C91:K91)} -> TRUE | O91: -
B92: MAG PXR & PD-SB CAT | N92: {=SUMPRODUCT(--ISNUMBER(MATCH(TRIM(C92:L92),Extracted_Parameters!$B:$B,0)))=COUNTA(C92:K92)} -> TRUE | O92: -
B93: SUMTER MAG # | N93: {=SUMPRODUCT(--ISNUMBER(MATCH(TRIM(C93:L93),Extracted_Parameters!$B:$B,0)))=COUNTA(C93:K93)} -> TRUE | O93: -
B94: 1 HIGH MAG - FIXED | C94: Assembly No. | D94: Amperage | E94: Minimum Depth | F94: Width (Wide) | G94: With/ Without Device Width Cover | H94: Distinct Part Names (cover, interlock etc) | N94: {=SUMPRODUCT(--ISNUMBER(MATCH(TRIM(C94:L94),Extracted_Parameters!$B:$B,0)))=COUNTA(C94:K94)} -> FALSE | O94: {=COUNTA(C94:K94)-SUMPRODUCT(--ISNUMBER(MATCH(C94:K94,Extracted_Parameters!$B:$B,0)))} -> 3
B95: 1 HIGH, 4000A, 3 POLE ONLY NARROW MAG - FIXED | C95: Assembly No. | D95: Amperage | E95: Minimum Depth | F95: Width (Wide) | G95: Distinct Part Names (cover, interlock etc) | N95: {=SUMPRODUCT(--ISNUMBER(MATCH(TRIM(C95:L95),Extracted_Parameters!$B:$B,0)))=COUNTA(C95:K95)} -> FALSE | O95: {=COUNTA(C95:K95)-SUMPRODUCT(--ISNUMBER(MATCH(C95:K95,Extracted_Parameters!$B:$B,0)))} -> 2
B96: 1 HIGH MAG - D.O. | C96: Assembly No. | D96: Amperage | E96: Bus Center | F96: Heat Test/Density | G96: Material | N96: {=SUMPRODUCT(--ISNUMBER(MATCH(TRIM(C96:L96),Extracted_Parameters!$B:$B,0)))=COUNTA(C96:K96)} -> FALSE | O96: {=COUNTA(C96:K96)-SUMPRODUCT(--ISNUMBER(MATCH(C96:K96,Extracted_Parameters!$B:$B,0)))} -> 1
B97: 1 HIGH, 4000A, 3 POLE ONLY NARROW MAG - DRAWOUT | C97: Assembly No. | D97: Amperage | E97: Bus Center | F97: Cross bus position | G97: Heat Test/Density | H97: Material | N97: {=SUMPRODUCT(--ISNUMBER(MATCH(TRIM(C97:L97),Extracted_Parameters!$B:$B,0)))=COUNTA(C97:K97)} -> FALSE | O97: {=COUNTA(C97:K97)-SUMPRODUCT(--ISNUMBER(MATCH(C97:K97,Extracted_Parameters!$B:$B,0)))} -> 2
B98: 2 HIGH MAG - FIXED | C98: Assembly No. | D98: Depth | E98: Description | N98: {=SUMPRODUCT(--ISNUMBER(MATCH(TRIM(C98:L98),Extracted_Parameters!$B:$B,0)))=COUNTA(C98:K98)} -> FALSE | O98: {=COUNTA(C98:K98)-SUMPRODUCT(--ISNUMBER(MATCH(C98:K98,Extracted_Parameters!$B:$B,0)))} -> 1
B99: 2 HIGH MAG -D.O. | C99: Assembly No. | D99: Description | E99: Amperage | F99: DWG No. | N99: {=SUMPRODUCT(--ISNUMBER(MATCH(TRIM(C99:L99),Extracted_Parameters!$B:$B,0)))=COUNTA(C99:K99)} -> FALSE | O99: {=COUNTA(C99:K99)-SUMPRODUCT(--ISNUMBER(MATCH(C99:K99,Extracted_Parameters!$B:$B,0)))} -> 2
B100: 4 HIGH MAG -D.O. | C100: Assembly No. | D100: Depth | E100: Description | N100: {=SUMPRODUCT(--ISNUMBER(MATCH(TRIM(C100:L100),Extracted_Parameters!$B:$B,0)))=COUNTA(C100:K100)} -> FALSE | O100: {=COUNTA(C100:K100)-SUMPRODUCT(--ISNUMBER(MATCH(C100:K100,Extracted_Parameters!$B:$B,0)))} -> 1
...

Sheet Sheet1
A1: Name | B1: Code | C1: Parameter 1 | D1: Parameter 2 | E1: Parameter 3 | F1: Parameter 4 | G1: Parameter 5
A2: Bus Ground (For Cable Pull Sections & Generic Neutral Cross Bus) | B2: GND BOND | C2: Amperage | D2: Assembly No. | E2: Material
A3: Bus Splice Cross Bus | B3: BUSSPSI | C3: Depth | D3: Bus position
A4: NRX Breaker (3000A Max.), Mounting Assembly, Cross bus, line & Load Connections, Neutral and CAT Numbers | B4: 4 HIGH NRX-RF -D.O. | C4: Part Name | D4: Assembly No. | E4: Depth
A5: Structures- Type 1 & 3R Covers, Barriers, Door Extensions, Doors, Lifting Angles | B5: LFTASSY | C5: Assembly No. | D5: Amperage | E5: Material
A6: 400- 1000A Compartment | B6: WCVTBAR1 | C6: Utility Name | D6: Depth
A7: 400- 1000A Compartment | B7: NEUTBARR-1 | C7: Amperage | D7: Material | E7: Heat Test/Density | F7: Assembly No.
A8: 400- 1000A Compartment | B8: WCLDNEUT | C8: Amperage | D8: Assembly No. | E8: Depth | F8: Material | G8: Heat Test/Density
A9: 1200-5000 A Compartment | B9: WCAUXNT1 | C9: Amperage | D9: Depth | E9: Material | F9: Heat Test/Density | G9: Assembly No.
A10: Utilities- Special Metering Components | B10: CTWISPUB | C10: Amperage | D10: Assembly No. | E10: Heat Test/Density | F10: Material
